engine,correct,total,accuracy
elo,11330,17828,0.635517164011667
glicko,11426,17828,0.6409019519856406
trueskill,11249,17828,0.6309737491586269
