engine,score_sum,score_mean
elo,3637.8442855549984,0.20405229333380068
glicko,3702.1015739001623,0.2076565836829797
trueskill,3332.980718826064,0.18695202596062732
